title,price,link
华为智选 膳魔师 智能保温杯470ml男女士温显水杯子学生中秋节礼物 暗影黑,369.00,https://item.jd.com/100072855275.html
希乐塑料杯男女随手杯大容量户外运动健身学生水杯XL-1715灰730ml,19.80,https://item.jd.com/100010730000.html
苏泊尔运动水杯大容量夏季tritan塑料杯儿童便携男女士健身水壶950ml,59.00,https://item.jd.com/100089146195.html
米家 保温杯 316不锈钢水杯 男女士杯子 大容量茶杯便携 350ml白色,43.30,https://item.jd.com/100049155903.html
京东京造黑白渐变tritan运动水壶1L 大容量夏季户外便携健身运动水杯男士,67.00,https://item.jd.com/100027170403.html
西多米水杯男士运动水杯大容量茶水分离杯夏季便携饮用水杯外出携带学生,25.90,https://item.jd.com/100108563712.html
Tritan塑料水杯大容量杯子男女户外运动健身水瓶学生军训壶,69.00,https://item.jd.com/10027080891189.html
PAKCHOICE运动水杯男女士大容量水杯夏季耐高温学生便携健身运动水壶,19.90,https://item.jd.com/100094049119.html
NEWB运动水杯男大容量夏季Tritan塑料茶杯子男女士学生户外健身饮用壶 【更快到】升级黑色 1000ml,59.00,https://item.jd.com/70647962785.html
【⭐京东物流配送】高硼硅双层玻璃杯大容量泡茶杯水杯子茶水分离 【双层加厚】350ml 350ml 1只,7.01,https://item.jd.com/10106558151467.html
SZTAA保温杯水杯高颜值学生咖啡杯便携316不锈钢长效保温随行杯可乐杯 月牙白480ml【316内胆+杯刷】,28.80,https://item.jd.com/10078592172010.html
富光保温杯弹跳盖杯子316L不锈钢大容量便携学生保冷水杯车载户外儿童,69.90,https://item.jd.com/100064706039.html
KODEMEN不锈钢保温杯女士高颜值网红水杯子迷你便携女生生日礼物高端实用 多立克白【316内胆赠双盖】 450ml,1580.00,https://item.jd.com/10096881077269.html
炊大皇塑料杯tritan材质防摔带吸管茶仓分离便携大容量水杯黑粉色650ml,38.60,https://item.jd.com/100106176092.html
【⭐大容量】水杯冰霸吸管杯高颜值学生茶水分离大容量杯子 肚肚杯1个-玫红色,9.00,https://item.jd.com/10110770451601.html
babycare儿童水杯二合一户外运动水杯吸管杯直饮幼儿园水壶600mL上学专用,119.90,https://item.jd.com/100099849248.html
炊大皇 保温杯 316L医用级不锈钢茶水分离商务便携保温杯 黑色 490ml,33.30,https://item.jd.com/6276476.html
大容量运动水杯子男女健身吨吨饮用冷水壶耐高温便携顿顿桶凉水瓶 黑色 1700ml,8.89,https://item.jd.com/10103402505591.html
ZDZSH日本保温杯2024新款陶瓷内胆咖啡杯男女高颜值随行杯吸管防摔水杯 奶芙白+礼盒装（316不锈钢内胆）,489.00,https://item.jd.com/10108547506506.html
京东京造保温杯教师节礼物女老师316L不锈钢茶水分离泡茶杯雅致白500ml,59.90,https://item.jd.com/100009265522.html
乐扣乐扣（LOCK&LOCK）人鱼线收腰运动水杯Tritan男女学生塑料杯子700ML蓝色ABF797BLU,67.10,https://item.jd.com/100033186126.html
JIDAO COOK运动水杯大容量男女学生健身户外防摔渐变色刻度塑料水壶 灰黑色茶隔 1000ml,14.99,https://item.jd.com/10069228396094.html
名锐（MINGRUI）保温杯保冷杯冰霸杯咖啡杯男女学生水杯车载刻字定制LOGO 316保冷杯蓝+2*不锈钢冰块- 420ml,48.90,https://item.jd.com/10079104672753.html
京东京造双层加厚玻璃杯 无铅高硼硅带茶隔水杯304茶隔泡茶杯男士360mL,29.90,https://item.jd.com/100044858104.html
KODEMEN德国品牌智能保温杯男女士茶水分离泡茶水杯子教师节礼物定制刻字 优雅白【陶瓷内胆】 450ml,1480.00,https://item.jd.com/10103967435760.html
膳魔师（THERMOS）保温杯500ml男女士儿童学生不锈钢保冷水杯子JNL-502 PRW 珍珠白,129.00,https://item.jd.com/100011230052.html
富光塑料杯tritan材质吸管杯男女学生户外运动随手杯弹盖杯提绳水杯子,49.00,https://item.jd.com/100044796006.html
乐扣乐扣（LOCK&LOCK）遇见元气保温保冷咖啡杯弹跳盖男女颜值水杯550ML黑色LHC3249BLK,75.00,https://item.jd.com/100008166667.html
彩致（CAIZHI）304不锈钢马克杯带盖 双层防烫大容量咖啡杯学生水杯 黑色 CZ6650,26.80,https://item.jd.com/100050648373.html
无印良品（MUJI）共聚酯 便携水杯 550ml 塑料杯运动水杯茶杯Tritan材质儿童,58.00,https://item.jd.com/100032716147.html
